step,ibge,name,newCases
0,3115201,Conceição da Barra de Minas,0.14285714285714285
0,3119708,Coronel Xavier Chaves,0.5714285714285714
0,3123007,Dores de Campos,0.0
0,3137403,Lagoa Dourada,0.42857142857142855
0,3139102,Madre de Deus de Minas,0.0
0,3144508,Nazareno,0.14285714285714285
0,3150307,Piedade do Rio Grande,0.14285714285714285
0,3152709,Prados,0.14285714285714285
0,3154200,Resende Costa,0.2857142857142857
0,3156106,Ritápolis,0.0
0,3157336,Santa Cruz de Minas,0.42857142857142855
0,3158706,Santana do Garambéu,0.0
0,3162500,São João del-Rei,5.857142857142857
0,3165008,São Tiago,0.2857142857142857
0,3168804,Tiradentes,0.2857142857142857
1,3115201,Conceição da Barra de Minas,2.0
1,3119708,Coronel Xavier Chaves,1.0
1,3123007,Dores de Campos,0.0
1,3137403,Lagoa Dourada,0.0
1,3139102,Madre de Deus de Minas,1.0
1,3144508,Nazareno,1.0
1,3150307,Piedade do Rio Grande,0.0
1,3152709,Prados,0.0
1,3154200,Resende Costa,0.0
1,3156106,Ritápolis,2.0
1,3157336,Santa Cruz de Minas,2.0
1,3158706,Santana do Garambéu,0.0
1,3162500,São João del-Rei,2.0
1,3165008,São Tiago,0.0
1,3168804,Tiradentes,1.0
2,3115201,Conceição da Barra de Minas,2.0
2,3119708,Coronel Xavier Chaves,0.0
2,3123007,Dores de Campos,0.0
2,3137403,Lagoa Dourada,0.0
2,3139102,Madre de Deus de Minas,0.0
2,3144508,Nazareno,0.0
2,3150307,Piedade do Rio Grande,0.0
2,3152709,Prados,0.0
2,3154200,Resende Costa,0.0
2,3156106,Ritápolis,2.0
2,3157336,Santa Cruz de Minas,2.0
2,3158706,Santana do Garambéu,0.0
2,3162500,São João del-Rei,2.0
2,3165008,São Tiago,1.0
2,3168804,Tiradentes,0.0
3,3115201,Conceição da Barra de Minas,2.0
3,3119708,Coronel Xavier Chaves,0.0
3,3123007,Dores de Campos,0.0
3,3137403,Lagoa Dourada,0.0
3,3139102,Madre de Deus de Minas,0.0
3,3144508,Nazareno,0.0
3,3150307,Piedade do Rio Grande,0.0
3,3152709,Prados,0.0
3,3154200,Resende Costa,0.0
3,3156106,Ritápolis,2.0
3,3157336,Santa Cruz de Minas,2.0
3,3158706,Santana do Garambéu,0.0
3,3162500,São João del-Rei,2.0
3,3165008,São Tiago,1.0
3,3168804,Tiradentes,0.0
4,3115201,Conceição da Barra de Minas,2.0
4,3119708,Coronel Xavier Chaves,0.0
4,3123007,Dores de Campos,0.0
4,3137403,Lagoa Dourada,0.0
4,3139102,Madre de Deus de Minas,0.0
4,3144508,Nazareno,0.0
4,3150307,Piedade do Rio Grande,0.0
4,3152709,Prados,0.0
4,3154200,Resende Costa,0.0
4,3156106,Ritápolis,2.0
4,3157336,Santa Cruz de Minas,2.0
4,3158706,Santana do Garambéu,0.0
4,3162500,São João del-Rei,2.0
4,3165008,São Tiago,1.0
4,3168804,Tiradentes,0.0
5,3115201,Conceição da Barra de Minas,2.0
5,3119708,Coronel Xavier Chaves,0.0
5,3123007,Dores de Campos,0.0
5,3137403,Lagoa Dourada,0.0
5,3139102,Madre de Deus de Minas,0.0
5,3144508,Nazareno,0.0
5,3150307,Piedade do Rio Grande,0.0
5,3152709,Prados,0.0
5,3154200,Resende Costa,0.0
5,3156106,Ritápolis,2.0
5,3157336,Santa Cruz de Minas,2.0
5,3158706,Santana do Garambéu,0.0
5,3162500,São João del-Rei,2.0
5,3165008,São Tiago,1.0
5,3168804,Tiradentes,0.0
6,3115201,Conceição da Barra de Minas,2.0
6,3119708,Coronel Xavier Chaves,0.0
6,3123007,Dores de Campos,0.0
6,3137403,Lagoa Dourada,0.0
6,3139102,Madre de Deus de Minas,0.0
6,3144508,Nazareno,0.0
6,3150307,Piedade do Rio Grande,0.0
6,3152709,Prados,0.0
6,3154200,Resende Costa,0.0
6,3156106,Ritápolis,2.0
6,3157336,Santa Cruz de Minas,2.0
6,3158706,Santana do Garambéu,0.0
6,3162500,São João del-Rei,2.0
6,3165008,São Tiago,1.0
6,3168804,Tiradentes,0.0
7,3115201,Conceição da Barra de Minas,2.0
7,3119708,Coronel Xavier Chaves,0.0
7,3123007,Dores de Campos,0.0
7,3137403,Lagoa Dourada,0.0
7,3139102,Madre de Deus de Minas,0.0
7,3144508,Nazareno,0.0
7,3150307,Piedade do Rio Grande,0.0
7,3152709,Prados,0.0
7,3154200,Resende Costa,0.0
7,3156106,Ritápolis,2.0
7,3157336,Santa Cruz de Minas,2.0
7,3158706,Santana do Garambéu,0.0
7,3162500,São João del-Rei,2.0
7,3165008,São Tiago,1.0
7,3168804,Tiradentes,0.0
8,3115201,Conceição da Barra de Minas,2.0
8,3119708,Coronel Xavier Chaves,0.0
8,3123007,Dores de Campos,0.0
8,3137403,Lagoa Dourada,0.0
8,3139102,Madre de Deus de Minas,0.0
8,3144508,Nazareno,0.0
8,3150307,Piedade do Rio Grande,0.0
8,3152709,Prados,0.0
8,3154200,Resende Costa,0.0
8,3156106,Ritápolis,2.0
8,3157336,Santa Cruz de Minas,2.0
8,3158706,Santana do Garambéu,0.0
8,3162500,São João del-Rei,2.0
8,3165008,São Tiago,1.0
8,3168804,Tiradentes,0.0
9,3115201,Conceição da Barra de Minas,2.0
9,3119708,Coronel Xavier Chaves,0.0
9,3123007,Dores de Campos,0.0
9,3137403,Lagoa Dourada,0.0
9,3139102,Madre de Deus de Minas,0.0
9,3144508,Nazareno,0.0
9,3150307,Piedade do Rio Grande,0.0
9,3152709,Prados,0.0
9,3154200,Resende Costa,0.0
9,3156106,Ritápolis,2.0
9,3157336,Santa Cruz de Minas,2.0
9,3158706,Santana do Garambéu,0.0
9,3162500,São João del-Rei,2.0
9,3165008,São Tiago,1.0
9,3168804,Tiradentes,0.0
10,3115201,Conceição da Barra de Minas,2.0
10,3119708,Coronel Xavier Chaves,0.0
10,3123007,Dores de Campos,0.0
10,3137403,Lagoa Dourada,0.0
10,3139102,Madre de Deus de Minas,0.0
10,3144508,Nazareno,0.0
10,3150307,Piedade do Rio Grande,0.0
10,3152709,Prados,0.0
10,3154200,Resende Costa,0.0
10,3156106,Ritápolis,2.0
10,3157336,Santa Cruz de Minas,2.0
10,3158706,Santana do Garambéu,0.0
10,3162500,São João del-Rei,2.0
10,3165008,São Tiago,1.0
10,3168804,Tiradentes,0.0
11,3115201,Conceição da Barra de Minas,2.0
11,3119708,Coronel Xavier Chaves,0.0
11,3123007,Dores de Campos,0.0
11,3137403,Lagoa Dourada,0.0
11,3139102,Madre de Deus de Minas,0.0
11,3144508,Nazareno,0.0
11,3150307,Piedade do Rio Grande,0.0
11,3152709,Prados,0.0
11,3154200,Resende Costa,0.0
11,3156106,Ritápolis,2.0
11,3157336,Santa Cruz de Minas,2.0
11,3158706,Santana do Garambéu,0.0
11,3162500,São João del-Rei,2.0
11,3165008,São Tiago,1.0
11,3168804,Tiradentes,0.0
12,3115201,Conceição da Barra de Minas,2.0
12,3119708,Coronel Xavier Chaves,0.0
12,3123007,Dores de Campos,0.0
12,3137403,Lagoa Dourada,0.0
12,3139102,Madre de Deus de Minas,0.0
12,3144508,Nazareno,0.0
12,3150307,Piedade do Rio Grande,0.0
12,3152709,Prados,0.0
12,3154200,Resende Costa,0.0
12,3156106,Ritápolis,2.0
12,3157336,Santa Cruz de Minas,2.0
12,3158706,Santana do Garambéu,0.0
12,3162500,São João del-Rei,2.0
12,3165008,São Tiago,1.0
12,3168804,Tiradentes,0.0
13,3115201,Conceição da Barra de Minas,2.0
13,3119708,Coronel Xavier Chaves,0.0
13,3123007,Dores de Campos,0.0
13,3137403,Lagoa Dourada,0.0
13,3139102,Madre de Deus de Minas,0.0
13,3144508,Nazareno,0.0
13,3150307,Piedade do Rio Grande,0.0
13,3152709,Prados,0.0
13,3154200,Resende Costa,0.0
13,3156106,Ritápolis,2.0
13,3157336,Santa Cruz de Minas,2.0
13,3158706,Santana do Garambéu,0.0
13,3162500,São João del-Rei,2.0
13,3165008,São Tiago,1.0
13,3168804,Tiradentes,0.0
14,3115201,Conceição da Barra de Minas,2.0
14,3119708,Coronel Xavier Chaves,0.0
14,3123007,Dores de Campos,0.0
14,3137403,Lagoa Dourada,0.0
14,3139102,Madre de Deus de Minas,0.0
14,3144508,Nazareno,0.0
14,3150307,Piedade do Rio Grande,0.0
14,3152709,Prados,0.0
14,3154200,Resende Costa,0.0
14,3156106,Ritápolis,2.0
14,3157336,Santa Cruz de Minas,2.0
14,3158706,Santana do Garambéu,0.0
14,3162500,São João del-Rei,2.0
14,3165008,São Tiago,1.0
14,3168804,Tiradentes,0.0
15,3115201,Conceição da Barra de Minas,2.0
15,3119708,Coronel Xavier Chaves,0.0
15,3123007,Dores de Campos,0.0
15,3137403,Lagoa Dourada,0.0
15,3139102,Madre de Deus de Minas,0.0
15,3144508,Nazareno,0.0
15,3150307,Piedade do Rio Grande,0.0
15,3152709,Prados,0.0
15,3154200,Resende Costa,0.0
15,3156106,Ritápolis,2.0
15,3157336,Santa Cruz de Minas,2.0
15,3158706,Santana do Garambéu,0.0
15,3162500,São João del-Rei,2.0
15,3165008,São Tiago,1.0
15,3168804,Tiradentes,0.0
16,3115201,Conceição da Barra de Minas,2.0
16,3119708,Coronel Xavier Chaves,0.0
16,3123007,Dores de Campos,0.0
16,3137403,Lagoa Dourada,0.0
16,3139102,Madre de Deus de Minas,0.0
16,3144508,Nazareno,0.0
16,3150307,Piedade do Rio Grande,0.0
16,3152709,Prados,0.0
16,3154200,Resende Costa,0.0
16,3156106,Ritápolis,2.0
16,3157336,Santa Cruz de Minas,2.0
16,3158706,Santana do Garambéu,0.0
16,3162500,São João del-Rei,2.0
16,3165008,São Tiago,1.0
16,3168804,Tiradentes,0.0
17,3115201,Conceição da Barra de Minas,2.0
17,3119708,Coronel Xavier Chaves,0.0
17,3123007,Dores de Campos,0.0
17,3137403,Lagoa Dourada,0.0
17,3139102,Madre de Deus de Minas,0.0
17,3144508,Nazareno,0.0
17,3150307,Piedade do Rio Grande,0.0
17,3152709,Prados,0.0
17,3154200,Resende Costa,0.0
17,3156106,Ritápolis,2.0
17,3157336,Santa Cruz de Minas,2.0
17,3158706,Santana do Garambéu,0.0
17,3162500,São João del-Rei,2.0
17,3165008,São Tiago,1.0
17,3168804,Tiradentes,0.0
18,3115201,Conceição da Barra de Minas,2.0
18,3119708,Coronel Xavier Chaves,0.0
18,3123007,Dores de Campos,0.0
18,3137403,Lagoa Dourada,0.0
18,3139102,Madre de Deus de Minas,0.0
18,3144508,Nazareno,0.0
18,3150307,Piedade do Rio Grande,0.0
18,3152709,Prados,0.0
18,3154200,Resende Costa,0.0
18,3156106,Ritápolis,2.0
18,3157336,Santa Cruz de Minas,2.0
18,3158706,Santana do Garambéu,0.0
18,3162500,São João del-Rei,2.0
18,3165008,São Tiago,1.0
18,3168804,Tiradentes,0.0
19,3115201,Conceição da Barra de Minas,2.0
19,3119708,Coronel Xavier Chaves,0.0
19,3123007,Dores de Campos,0.0
19,3137403,Lagoa Dourada,0.0
19,3139102,Madre de Deus de Minas,0.0
19,3144508,Nazareno,0.0
19,3150307,Piedade do Rio Grande,0.0
19,3152709,Prados,0.0
19,3154200,Resende Costa,0.0
19,3156106,Ritápolis,2.0
19,3157336,Santa Cruz de Minas,2.0
19,3158706,Santana do Garambéu,0.0
19,3162500,São João del-Rei,2.0
19,3165008,São Tiago,1.0
19,3168804,Tiradentes,0.0
20,3115201,Conceição da Barra de Minas,2.0
20,3119708,Coronel Xavier Chaves,0.0
20,3123007,Dores de Campos,0.0
20,3137403,Lagoa Dourada,0.0
20,3139102,Madre de Deus de Minas,0.0
20,3144508,Nazareno,0.0
20,3150307,Piedade do Rio Grande,0.0
20,3152709,Prados,0.0
20,3154200,Resende Costa,0.0
20,3156106,Ritápolis,2.0
20,3157336,Santa Cruz de Minas,2.0
20,3158706,Santana do Garambéu,0.0
20,3162500,São João del-Rei,2.0
20,3165008,São Tiago,1.0
20,3168804,Tiradentes,0.0
21,3115201,Conceição da Barra de Minas,2.0
21,3119708,Coronel Xavier Chaves,0.0
21,3123007,Dores de Campos,0.0
21,3137403,Lagoa Dourada,0.0
21,3139102,Madre de Deus de Minas,0.0
21,3144508,Nazareno,0.0
21,3150307,Piedade do Rio Grande,0.0
21,3152709,Prados,0.0
21,3154200,Resende Costa,0.0
21,3156106,Ritápolis,2.0
21,3157336,Santa Cruz de Minas,2.0
21,3158706,Santana do Garambéu,0.0
21,3162500,São João del-Rei,2.0
21,3165008,São Tiago,1.0
21,3168804,Tiradentes,0.0
22,3115201,Conceição da Barra de Minas,2.0
22,3119708,Coronel Xavier Chaves,0.0
22,3123007,Dores de Campos,0.0
22,3137403,Lagoa Dourada,0.0
22,3139102,Madre de Deus de Minas,0.0
22,3144508,Nazareno,0.0
22,3150307,Piedade do Rio Grande,0.0
22,3152709,Prados,0.0
22,3154200,Resende Costa,0.0
22,3156106,Ritápolis,2.0
22,3157336,Santa Cruz de Minas,2.0
22,3158706,Santana do Garambéu,0.0
22,3162500,São João del-Rei,2.0
22,3165008,São Tiago,1.0
22,3168804,Tiradentes,0.0
23,3115201,Conceição da Barra de Minas,2.0
23,3119708,Coronel Xavier Chaves,0.0
23,3123007,Dores de Campos,0.0
23,3137403,Lagoa Dourada,0.0
23,3139102,Madre de Deus de Minas,0.0
23,3144508,Nazareno,0.0
23,3150307,Piedade do Rio Grande,0.0
23,3152709,Prados,0.0
23,3154200,Resende Costa,0.0
23,3156106,Ritápolis,2.0
23,3157336,Santa Cruz de Minas,2.0
23,3158706,Santana do Garambéu,0.0
23,3162500,São João del-Rei,2.0
23,3165008,São Tiago,1.0
23,3168804,Tiradentes,0.0
24,3115201,Conceição da Barra de Minas,2.0
24,3119708,Coronel Xavier Chaves,0.0
24,3123007,Dores de Campos,0.0
24,3137403,Lagoa Dourada,0.0
24,3139102,Madre de Deus de Minas,0.0
24,3144508,Nazareno,0.0
24,3150307,Piedade do Rio Grande,0.0
24,3152709,Prados,0.0
24,3154200,Resende Costa,0.0
24,3156106,Ritápolis,2.0
24,3157336,Santa Cruz de Minas,2.0
24,3158706,Santana do Garambéu,0.0
24,3162500,São João del-Rei,2.0
24,3165008,São Tiago,1.0
24,3168804,Tiradentes,0.0
25,3115201,Conceição da Barra de Minas,2.0
25,3119708,Coronel Xavier Chaves,0.0
25,3123007,Dores de Campos,0.0
25,3137403,Lagoa Dourada,0.0
25,3139102,Madre de Deus de Minas,0.0
25,3144508,Nazareno,0.0
25,3150307,Piedade do Rio Grande,0.0
25,3152709,Prados,0.0
25,3154200,Resende Costa,0.0
25,3156106,Ritápolis,2.0
25,3157336,Santa Cruz de Minas,2.0
25,3158706,Santana do Garambéu,0.0
25,3162500,São João del-Rei,2.0
25,3165008,São Tiago,1.0
25,3168804,Tiradentes,0.0
26,3115201,Conceição da Barra de Minas,2.0
26,3119708,Coronel Xavier Chaves,0.0
26,3123007,Dores de Campos,0.0
26,3137403,Lagoa Dourada,0.0
26,3139102,Madre de Deus de Minas,0.0
26,3144508,Nazareno,0.0
26,3150307,Piedade do Rio Grande,0.0
26,3152709,Prados,0.0
26,3154200,Resende Costa,0.0
26,3156106,Ritápolis,2.0
26,3157336,Santa Cruz de Minas,2.0
26,3158706,Santana do Garambéu,0.0
26,3162500,São João del-Rei,2.0
26,3165008,São Tiago,1.0
26,3168804,Tiradentes,0.0
27,3115201,Conceição da Barra de Minas,2.0
27,3119708,Coronel Xavier Chaves,0.0
27,3123007,Dores de Campos,0.0
27,3137403,Lagoa Dourada,0.0
27,3139102,Madre de Deus de Minas,0.0
27,3144508,Nazareno,0.0
27,3150307,Piedade do Rio Grande,0.0
27,3152709,Prados,0.0
27,3154200,Resende Costa,0.0
27,3156106,Ritápolis,2.0
27,3157336,Santa Cruz de Minas,2.0
27,3158706,Santana do Garambéu,0.0
27,3162500,São João del-Rei,2.0
27,3165008,São Tiago,1.0
27,3168804,Tiradentes,0.0
28,3115201,Conceição da Barra de Minas,2.0
28,3119708,Coronel Xavier Chaves,0.0
28,3123007,Dores de Campos,0.0
28,3137403,Lagoa Dourada,0.0
28,3139102,Madre de Deus de Minas,0.0
28,3144508,Nazareno,0.0
28,3150307,Piedade do Rio Grande,0.0
28,3152709,Prados,0.0
28,3154200,Resende Costa,0.0
28,3156106,Ritápolis,2.0
28,3157336,Santa Cruz de Minas,2.0
28,3158706,Santana do Garambéu,0.0
28,3162500,São João del-Rei,2.0
28,3165008,São Tiago,1.0
28,3168804,Tiradentes,0.0
29,3115201,Conceição da Barra de Minas,2.0
29,3119708,Coronel Xavier Chaves,0.0
29,3123007,Dores de Campos,0.0
29,3137403,Lagoa Dourada,0.0
29,3139102,Madre de Deus de Minas,0.0
29,3144508,Nazareno,0.0
29,3150307,Piedade do Rio Grande,0.0
29,3152709,Prados,0.0
29,3154200,Resende Costa,0.0
29,3156106,Ritápolis,2.0
29,3157336,Santa Cruz de Minas,2.0
29,3158706,Santana do Garambéu,0.0
29,3162500,São João del-Rei,2.0
29,3165008,São Tiago,1.0
29,3168804,Tiradentes,0.0
30,3115201,Conceição da Barra de Minas,2.0
30,3119708,Coronel Xavier Chaves,0.0
30,3123007,Dores de Campos,0.0
30,3137403,Lagoa Dourada,0.0
30,3139102,Madre de Deus de Minas,0.0
30,3144508,Nazareno,0.0
30,3150307,Piedade do Rio Grande,0.0
30,3152709,Prados,0.0
30,3154200,Resende Costa,0.0
30,3156106,Ritápolis,2.0
30,3157336,Santa Cruz de Minas,2.0
30,3158706,Santana do Garambéu,0.0
30,3162500,São João del-Rei,2.0
30,3165008,São Tiago,1.0
30,3168804,Tiradentes,0.0
31,3115201,Conceição da Barra de Minas,2.0
31,3119708,Coronel Xavier Chaves,0.0
31,3123007,Dores de Campos,0.0
31,3137403,Lagoa Dourada,0.0
31,3139102,Madre de Deus de Minas,0.0
31,3144508,Nazareno,0.0
31,3150307,Piedade do Rio Grande,0.0
31,3152709,Prados,0.0
31,3154200,Resende Costa,0.0
31,3156106,Ritápolis,2.0
31,3157336,Santa Cruz de Minas,2.0
31,3158706,Santana do Garambéu,0.0
31,3162500,São João del-Rei,2.0
31,3165008,São Tiago,1.0
31,3168804,Tiradentes,0.0
32,3115201,Conceição da Barra de Minas,2.0
32,3119708,Coronel Xavier Chaves,0.0
32,3123007,Dores de Campos,0.0
32,3137403,Lagoa Dourada,0.0
32,3139102,Madre de Deus de Minas,0.0
32,3144508,Nazareno,0.0
32,3150307,Piedade do Rio Grande,0.0
32,3152709,Prados,0.0
32,3154200,Resende Costa,0.0
32,3156106,Ritápolis,2.0
32,3157336,Santa Cruz de Minas,2.0
32,3158706,Santana do Garambéu,0.0
32,3162500,São João del-Rei,2.0
32,3165008,São Tiago,1.0
32,3168804,Tiradentes,0.0
33,3115201,Conceição da Barra de Minas,2.0
33,3119708,Coronel Xavier Chaves,0.0
33,3123007,Dores de Campos,0.0
33,3137403,Lagoa Dourada,0.0
33,3139102,Madre de Deus de Minas,0.0
33,3144508,Nazareno,0.0
33,3150307,Piedade do Rio Grande,0.0
33,3152709,Prados,0.0
33,3154200,Resende Costa,0.0
33,3156106,Ritápolis,2.0
33,3157336,Santa Cruz de Minas,2.0
33,3158706,Santana do Garambéu,0.0
33,3162500,São João del-Rei,2.0
33,3165008,São Tiago,1.0
33,3168804,Tiradentes,0.0
34,3115201,Conceição da Barra de Minas,2.0
34,3119708,Coronel Xavier Chaves,0.0
34,3123007,Dores de Campos,0.0
34,3137403,Lagoa Dourada,0.0
34,3139102,Madre de Deus de Minas,0.0
34,3144508,Nazareno,0.0
34,3150307,Piedade do Rio Grande,0.0
34,3152709,Prados,0.0
34,3154200,Resende Costa,0.0
34,3156106,Ritápolis,2.0
34,3157336,Santa Cruz de Minas,2.0
34,3158706,Santana do Garambéu,0.0
34,3162500,São João del-Rei,2.0
34,3165008,São Tiago,1.0
34,3168804,Tiradentes,0.0
35,3115201,Conceição da Barra de Minas,2.0
35,3119708,Coronel Xavier Chaves,0.0
35,3123007,Dores de Campos,0.0
35,3137403,Lagoa Dourada,0.0
35,3139102,Madre de Deus de Minas,0.0
35,3144508,Nazareno,0.0
35,3150307,Piedade do Rio Grande,0.0
35,3152709,Prados,0.0
35,3154200,Resende Costa,0.0
35,3156106,Ritápolis,2.0
35,3157336,Santa Cruz de Minas,2.0
35,3158706,Santana do Garambéu,0.0
35,3162500,São João del-Rei,2.0
35,3165008,São Tiago,1.0
35,3168804,Tiradentes,0.0
36,3115201,Conceição da Barra de Minas,2.0
36,3119708,Coronel Xavier Chaves,0.0
36,3123007,Dores de Campos,0.0
36,3137403,Lagoa Dourada,0.0
36,3139102,Madre de Deus de Minas,0.0
36,3144508,Nazareno,0.0
36,3150307,Piedade do Rio Grande,0.0
36,3152709,Prados,0.0
36,3154200,Resende Costa,0.0
36,3156106,Ritápolis,2.0
36,3157336,Santa Cruz de Minas,2.0
36,3158706,Santana do Garambéu,0.0
36,3162500,São João del-Rei,2.0
36,3165008,São Tiago,1.0
36,3168804,Tiradentes,0.0
37,3115201,Conceição da Barra de Minas,2.0
37,3119708,Coronel Xavier Chaves,0.0
37,3123007,Dores de Campos,0.0
37,3137403,Lagoa Dourada,0.0
37,3139102,Madre de Deus de Minas,0.0
37,3144508,Nazareno,0.0
37,3150307,Piedade do Rio Grande,0.0
37,3152709,Prados,0.0
37,3154200,Resende Costa,0.0
37,3156106,Ritápolis,2.0
37,3157336,Santa Cruz de Minas,2.0
37,3158706,Santana do Garambéu,0.0
37,3162500,São João del-Rei,2.0
37,3165008,São Tiago,1.0
37,3168804,Tiradentes,0.0
38,3115201,Conceição da Barra de Minas,2.0
38,3119708,Coronel Xavier Chaves,0.0
38,3123007,Dores de Campos,0.0
38,3137403,Lagoa Dourada,0.0
38,3139102,Madre de Deus de Minas,0.0
38,3144508,Nazareno,0.0
38,3150307,Piedade do Rio Grande,0.0
38,3152709,Prados,0.0
38,3154200,Resende Costa,0.0
38,3156106,Ritápolis,2.0
38,3157336,Santa Cruz de Minas,2.0
38,3158706,Santana do Garambéu,0.0
38,3162500,São João del-Rei,2.0
38,3165008,São Tiago,1.0
38,3168804,Tiradentes,0.0
39,3115201,Conceição da Barra de Minas,2.0
39,3119708,Coronel Xavier Chaves,0.0
39,3123007,Dores de Campos,0.0
39,3137403,Lagoa Dourada,0.0
39,3139102,Madre de Deus de Minas,0.0
39,3144508,Nazareno,0.0
39,3150307,Piedade do Rio Grande,0.0
39,3152709,Prados,0.0
39,3154200,Resende Costa,0.0
39,3156106,Ritápolis,2.0
39,3157336,Santa Cruz de Minas,2.0
39,3158706,Santana do Garambéu,0.0
39,3162500,São João del-Rei,2.0
39,3165008,São Tiago,1.0
39,3168804,Tiradentes,0.0
40,3115201,Conceição da Barra de Minas,2.0
40,3119708,Coronel Xavier Chaves,0.0
40,3123007,Dores de Campos,0.0
40,3137403,Lagoa Dourada,0.0
40,3139102,Madre de Deus de Minas,0.0
40,3144508,Nazareno,0.0
40,3150307,Piedade do Rio Grande,0.0
40,3152709,Prados,0.0
40,3154200,Resende Costa,0.0
40,3156106,Ritápolis,2.0
40,3157336,Santa Cruz de Minas,2.0
40,3158706,Santana do Garambéu,0.0
40,3162500,São João del-Rei,2.0
40,3165008,São Tiago,1.0
40,3168804,Tiradentes,0.0
41,3115201,Conceição da Barra de Minas,2.0
41,3119708,Coronel Xavier Chaves,0.0
41,3123007,Dores de Campos,0.0
41,3137403,Lagoa Dourada,0.0
41,3139102,Madre de Deus de Minas,0.0
41,3144508,Nazareno,0.0
41,3150307,Piedade do Rio Grande,0.0
41,3152709,Prados,0.0
41,3154200,Resende Costa,0.0
41,3156106,Ritápolis,2.0
41,3157336,Santa Cruz de Minas,2.0
41,3158706,Santana do Garambéu,0.0
41,3162500,São João del-Rei,2.0
41,3165008,São Tiago,1.0
41,3168804,Tiradentes,0.0
42,3115201,Conceição da Barra de Minas,2.0
42,3119708,Coronel Xavier Chaves,0.0
42,3123007,Dores de Campos,0.0
42,3137403,Lagoa Dourada,0.0
42,3139102,Madre de Deus de Minas,0.0
42,3144508,Nazareno,0.0
42,3150307,Piedade do Rio Grande,0.0
42,3152709,Prados,0.0
42,3154200,Resende Costa,0.0
42,3156106,Ritápolis,2.0
42,3157336,Santa Cruz de Minas,2.0
42,3158706,Santana do Garambéu,0.0
42,3162500,São João del-Rei,2.0
42,3165008,São Tiago,1.0
42,3168804,Tiradentes,0.0
43,3115201,Conceição da Barra de Minas,2.0
43,3119708,Coronel Xavier Chaves,0.0
43,3123007,Dores de Campos,0.0
43,3137403,Lagoa Dourada,0.0
43,3139102,Madre de Deus de Minas,0.0
43,3144508,Nazareno,0.0
43,3150307,Piedade do Rio Grande,0.0
43,3152709,Prados,0.0
43,3154200,Resende Costa,0.0
43,3156106,Ritápolis,2.0
43,3157336,Santa Cruz de Minas,2.0
43,3158706,Santana do Garambéu,0.0
43,3162500,São João del-Rei,2.0
43,3165008,São Tiago,1.0
43,3168804,Tiradentes,0.0
44,3115201,Conceição da Barra de Minas,2.0
44,3119708,Coronel Xavier Chaves,0.0
44,3123007,Dores de Campos,0.0
44,3137403,Lagoa Dourada,0.0
44,3139102,Madre de Deus de Minas,0.0
44,3144508,Nazareno,0.0
44,3150307,Piedade do Rio Grande,0.0
44,3152709,Prados,0.0
44,3154200,Resende Costa,0.0
44,3156106,Ritápolis,2.0
44,3157336,Santa Cruz de Minas,2.0
44,3158706,Santana do Garambéu,0.0
44,3162500,São João del-Rei,2.0
44,3165008,São Tiago,1.0
44,3168804,Tiradentes,0.0
45,3115201,Conceição da Barra de Minas,2.0
45,3119708,Coronel Xavier Chaves,0.0
45,3123007,Dores de Campos,0.0
45,3137403,Lagoa Dourada,0.0
45,3139102,Madre de Deus de Minas,0.0
45,3144508,Nazareno,0.0
45,3150307,Piedade do Rio Grande,0.0
45,3152709,Prados,0.0
45,3154200,Resende Costa,0.0
45,3156106,Ritápolis,2.0
45,3157336,Santa Cruz de Minas,2.0
45,3158706,Santana do Garambéu,0.0
45,3162500,São João del-Rei,2.0
45,3165008,São Tiago,1.0
45,3168804,Tiradentes,0.0
46,3115201,Conceição da Barra de Minas,2.0
46,3119708,Coronel Xavier Chaves,0.0
46,3123007,Dores de Campos,0.0
46,3137403,Lagoa Dourada,0.0
46,3139102,Madre de Deus de Minas,0.0
46,3144508,Nazareno,0.0
46,3150307,Piedade do Rio Grande,0.0
46,3152709,Prados,0.0
46,3154200,Resende Costa,0.0
46,3156106,Ritápolis,2.0
46,3157336,Santa Cruz de Minas,2.0
46,3158706,Santana do Garambéu,0.0
46,3162500,São João del-Rei,2.0
46,3165008,São Tiago,1.0
46,3168804,Tiradentes,0.0
47,3115201,Conceição da Barra de Minas,2.0
47,3119708,Coronel Xavier Chaves,0.0
47,3123007,Dores de Campos,0.0
47,3137403,Lagoa Dourada,0.0
47,3139102,Madre de Deus de Minas,0.0
47,3144508,Nazareno,0.0
47,3150307,Piedade do Rio Grande,0.0
47,3152709,Prados,0.0
47,3154200,Resende Costa,0.0
47,3156106,Ritápolis,2.0
47,3157336,Santa Cruz de Minas,2.0
47,3158706,Santana do Garambéu,0.0
47,3162500,São João del-Rei,2.0
47,3165008,São Tiago,1.0
47,3168804,Tiradentes,0.0
48,3115201,Conceição da Barra de Minas,2.0
48,3119708,Coronel Xavier Chaves,0.0
48,3123007,Dores de Campos,0.0
48,3137403,Lagoa Dourada,0.0
48,3139102,Madre de Deus de Minas,0.0
48,3144508,Nazareno,0.0
48,3150307,Piedade do Rio Grande,0.0
48,3152709,Prados,0.0
48,3154200,Resende Costa,0.0
48,3156106,Ritápolis,2.0
48,3157336,Santa Cruz de Minas,2.0
48,3158706,Santana do Garambéu,0.0
48,3162500,São João del-Rei,2.0
48,3165008,São Tiago,1.0
48,3168804,Tiradentes,0.0
49,3115201,Conceição da Barra de Minas,2.0
49,3119708,Coronel Xavier Chaves,0.0
49,3123007,Dores de Campos,0.0
49,3137403,Lagoa Dourada,0.0
49,3139102,Madre de Deus de Minas,0.0
49,3144508,Nazareno,0.0
49,3150307,Piedade do Rio Grande,0.0
49,3152709,Prados,0.0
49,3154200,Resende Costa,0.0
49,3156106,Ritápolis,2.0
49,3157336,Santa Cruz de Minas,2.0
49,3158706,Santana do Garambéu,0.0
49,3162500,São João del-Rei,2.0
49,3165008,São Tiago,1.0
49,3168804,Tiradentes,0.0
50,3115201,Conceição da Barra de Minas,2.0
50,3119708,Coronel Xavier Chaves,0.0
50,3123007,Dores de Campos,0.0
50,3137403,Lagoa Dourada,0.0
50,3139102,Madre de Deus de Minas,0.0
50,3144508,Nazareno,0.0
50,3150307,Piedade do Rio Grande,0.0
50,3152709,Prados,0.0
50,3154200,Resende Costa,0.0
50,3156106,Ritápolis,2.0
50,3157336,Santa Cruz de Minas,2.0
50,3158706,Santana do Garambéu,0.0
50,3162500,São João del-Rei,2.0
50,3165008,São Tiago,1.0
50,3168804,Tiradentes,0.0
51,3115201,Conceição da Barra de Minas,2.0
51,3119708,Coronel Xavier Chaves,0.0
51,3123007,Dores de Campos,0.0
51,3137403,Lagoa Dourada,0.0
51,3139102,Madre de Deus de Minas,0.0
51,3144508,Nazareno,0.0
51,3150307,Piedade do Rio Grande,0.0
51,3152709,Prados,0.0
51,3154200,Resende Costa,0.0
51,3156106,Ritápolis,2.0
51,3157336,Santa Cruz de Minas,2.0
51,3158706,Santana do Garambéu,0.0
51,3162500,São João del-Rei,2.0
51,3165008,São Tiago,1.0
51,3168804,Tiradentes,0.0
52,3115201,Conceição da Barra de Minas,2.0
52,3119708,Coronel Xavier Chaves,0.0
52,3123007,Dores de Campos,0.0
52,3137403,Lagoa Dourada,0.0
52,3139102,Madre de Deus de Minas,0.0
52,3144508,Nazareno,0.0
52,3150307,Piedade do Rio Grande,0.0
52,3152709,Prados,0.0
52,3154200,Resende Costa,0.0
52,3156106,Ritápolis,2.0
52,3157336,Santa Cruz de Minas,2.0
52,3158706,Santana do Garambéu,0.0
52,3162500,São João del-Rei,2.0
52,3165008,São Tiago,1.0
52,3168804,Tiradentes,0.0
53,3115201,Conceição da Barra de Minas,2.0
53,3119708,Coronel Xavier Chaves,0.0
53,3123007,Dores de Campos,0.0
53,3137403,Lagoa Dourada,0.0
53,3139102,Madre de Deus de Minas,0.0
53,3144508,Nazareno,0.0
53,3150307,Piedade do Rio Grande,0.0
53,3152709,Prados,0.0
53,3154200,Resende Costa,0.0
53,3156106,Ritápolis,2.0
53,3157336,Santa Cruz de Minas,2.0
53,3158706,Santana do Garambéu,0.0
53,3162500,São João del-Rei,2.0
53,3165008,São Tiago,1.0
53,3168804,Tiradentes,0.0
54,3115201,Conceição da Barra de Minas,2.0
54,3119708,Coronel Xavier Chaves,0.0
54,3123007,Dores de Campos,0.0
54,3137403,Lagoa Dourada,0.0
54,3139102,Madre de Deus de Minas,0.0
54,3144508,Nazareno,0.0
54,3150307,Piedade do Rio Grande,0.0
54,3152709,Prados,0.0
54,3154200,Resende Costa,0.0
54,3156106,Ritápolis,2.0
54,3157336,Santa Cruz de Minas,2.0
54,3158706,Santana do Garambéu,0.0
54,3162500,São João del-Rei,2.0
54,3165008,São Tiago,1.0
54,3168804,Tiradentes,0.0
55,3115201,Conceição da Barra de Minas,2.0
55,3119708,Coronel Xavier Chaves,0.0
55,3123007,Dores de Campos,0.0
55,3137403,Lagoa Dourada,0.0
55,3139102,Madre de Deus de Minas,0.0
55,3144508,Nazareno,0.0
55,3150307,Piedade do Rio Grande,0.0
55,3152709,Prados,0.0
55,3154200,Resende Costa,0.0
55,3156106,Ritápolis,2.0
55,3157336,Santa Cruz de Minas,2.0
55,3158706,Santana do Garambéu,0.0
55,3162500,São João del-Rei,2.0
55,3165008,São Tiago,1.0
55,3168804,Tiradentes,0.0
56,3115201,Conceição da Barra de Minas,2.0
56,3119708,Coronel Xavier Chaves,0.0
56,3123007,Dores de Campos,0.0
56,3137403,Lagoa Dourada,0.0
56,3139102,Madre de Deus de Minas,0.0
56,3144508,Nazareno,0.0
56,3150307,Piedade do Rio Grande,0.0
56,3152709,Prados,0.0
56,3154200,Resende Costa,0.0
56,3156106,Ritápolis,2.0
56,3157336,Santa Cruz de Minas,2.0
56,3158706,Santana do Garambéu,0.0
56,3162500,São João del-Rei,2.0
56,3165008,São Tiago,1.0
56,3168804,Tiradentes,0.0
57,3115201,Conceição da Barra de Minas,2.0
57,3119708,Coronel Xavier Chaves,0.0
57,3123007,Dores de Campos,0.0
57,3137403,Lagoa Dourada,0.0
57,3139102,Madre de Deus de Minas,0.0
57,3144508,Nazareno,0.0
57,3150307,Piedade do Rio Grande,0.0
57,3152709,Prados,0.0
57,3154200,Resende Costa,0.0
57,3156106,Ritápolis,2.0
57,3157336,Santa Cruz de Minas,2.0
57,3158706,Santana do Garambéu,0.0
57,3162500,São João del-Rei,2.0
57,3165008,São Tiago,1.0
57,3168804,Tiradentes,0.0
58,3115201,Conceição da Barra de Minas,2.0
58,3119708,Coronel Xavier Chaves,0.0
58,3123007,Dores de Campos,0.0
58,3137403,Lagoa Dourada,0.0
58,3139102,Madre de Deus de Minas,0.0
58,3144508,Nazareno,0.0
58,3150307,Piedade do Rio Grande,0.0
58,3152709,Prados,0.0
58,3154200,Resende Costa,0.0
58,3156106,Ritápolis,2.0
58,3157336,Santa Cruz de Minas,2.0
58,3158706,Santana do Garambéu,0.0
58,3162500,São João del-Rei,2.0
58,3165008,São Tiago,1.0
58,3168804,Tiradentes,0.0
59,3115201,Conceição da Barra de Minas,2.0
59,3119708,Coronel Xavier Chaves,0.0
59,3123007,Dores de Campos,0.0
59,3137403,Lagoa Dourada,0.0
59,3139102,Madre de Deus de Minas,0.0
59,3144508,Nazareno,0.0
59,3150307,Piedade do Rio Grande,0.0
59,3152709,Prados,0.0
59,3154200,Resende Costa,0.0
59,3156106,Ritápolis,2.0
59,3157336,Santa Cruz de Minas,2.0
59,3158706,Santana do Garambéu,0.0
59,3162500,São João del-Rei,2.0
59,3165008,São Tiago,1.0
59,3168804,Tiradentes,0.0
60,3115201,Conceição da Barra de Minas,2.0
60,3119708,Coronel Xavier Chaves,0.0
60,3123007,Dores de Campos,0.0
60,3137403,Lagoa Dourada,0.0
60,3139102,Madre de Deus de Minas,0.0
60,3144508,Nazareno,0.0
60,3150307,Piedade do Rio Grande,0.0
60,3152709,Prados,0.0
60,3154200,Resende Costa,0.0
60,3156106,Ritápolis,2.0
60,3157336,Santa Cruz de Minas,2.0
60,3158706,Santana do Garambéu,0.0
60,3162500,São João del-Rei,2.0
60,3165008,São Tiago,1.0
60,3168804,Tiradentes,0.0
61,3115201,Conceição da Barra de Minas,2.0
61,3119708,Coronel Xavier Chaves,0.0
61,3123007,Dores de Campos,0.0
61,3137403,Lagoa Dourada,0.0
61,3139102,Madre de Deus de Minas,0.0
61,3144508,Nazareno,0.0
61,3150307,Piedade do Rio Grande,0.0
61,3152709,Prados,0.0
61,3154200,Resende Costa,0.0
61,3156106,Ritápolis,2.0
61,3157336,Santa Cruz de Minas,2.0
61,3158706,Santana do Garambéu,0.0
61,3162500,São João del-Rei,2.0
61,3165008,São Tiago,1.0
61,3168804,Tiradentes,0.0
62,3115201,Conceição da Barra de Minas,2.0
62,3119708,Coronel Xavier Chaves,0.0
62,3123007,Dores de Campos,0.0
62,3137403,Lagoa Dourada,0.0
62,3139102,Madre de Deus de Minas,0.0
62,3144508,Nazareno,0.0
62,3150307,Piedade do Rio Grande,0.0
62,3152709,Prados,0.0
62,3154200,Resende Costa,0.0
62,3156106,Ritápolis,2.0
62,3157336,Santa Cruz de Minas,2.0
62,3158706,Santana do Garambéu,0.0
62,3162500,São João del-Rei,2.0
62,3165008,São Tiago,1.0
62,3168804,Tiradentes,0.0
63,3115201,Conceição da Barra de Minas,2.0
63,3119708,Coronel Xavier Chaves,0.0
63,3123007,Dores de Campos,0.0
63,3137403,Lagoa Dourada,0.0
63,3139102,Madre de Deus de Minas,0.0
63,3144508,Nazareno,0.0
63,3150307,Piedade do Rio Grande,0.0
63,3152709,Prados,0.0
63,3154200,Resende Costa,0.0
63,3156106,Ritápolis,2.0
63,3157336,Santa Cruz de Minas,2.0
63,3158706,Santana do Garambéu,0.0
63,3162500,São João del-Rei,2.0
63,3165008,São Tiago,1.0
63,3168804,Tiradentes,0.0
64,3115201,Conceição da Barra de Minas,2.0
64,3119708,Coronel Xavier Chaves,0.0
64,3123007,Dores de Campos,0.0
64,3137403,Lagoa Dourada,0.0
64,3139102,Madre de Deus de Minas,0.0
64,3144508,Nazareno,0.0
64,3150307,Piedade do Rio Grande,0.0
64,3152709,Prados,0.0
64,3154200,Resende Costa,0.0
64,3156106,Ritápolis,2.0
64,3157336,Santa Cruz de Minas,2.0
64,3158706,Santana do Garambéu,0.0
64,3162500,São João del-Rei,2.0
64,3165008,São Tiago,1.0
64,3168804,Tiradentes,0.0
65,3115201,Conceição da Barra de Minas,2.0
65,3119708,Coronel Xavier Chaves,0.0
65,3123007,Dores de Campos,0.0
65,3137403,Lagoa Dourada,0.0
65,3139102,Madre de Deus de Minas,0.0
65,3144508,Nazareno,0.0
65,3150307,Piedade do Rio Grande,0.0
65,3152709,Prados,0.0
65,3154200,Resende Costa,0.0
65,3156106,Ritápolis,2.0
65,3157336,Santa Cruz de Minas,2.0
65,3158706,Santana do Garambéu,0.0
65,3162500,São João del-Rei,2.0
65,3165008,São Tiago,1.0
65,3168804,Tiradentes,0.0
66,3115201,Conceição da Barra de Minas,2.0
66,3119708,Coronel Xavier Chaves,0.0
66,3123007,Dores de Campos,0.0
66,3137403,Lagoa Dourada,0.0
66,3139102,Madre de Deus de Minas,0.0
66,3144508,Nazareno,0.0
66,3150307,Piedade do Rio Grande,0.0
66,3152709,Prados,0.0
66,3154200,Resende Costa,0.0
66,3156106,Ritápolis,2.0
66,3157336,Santa Cruz de Minas,2.0
66,3158706,Santana do Garambéu,0.0
66,3162500,São João del-Rei,2.0
66,3165008,São Tiago,1.0
66,3168804,Tiradentes,0.0
67,3115201,Conceição da Barra de Minas,2.0
67,3119708,Coronel Xavier Chaves,0.0
67,3123007,Dores de Campos,0.0
67,3137403,Lagoa Dourada,0.0
67,3139102,Madre de Deus de Minas,0.0
67,3144508,Nazareno,0.0
67,3150307,Piedade do Rio Grande,0.0
67,3152709,Prados,0.0
67,3154200,Resende Costa,0.0
67,3156106,Ritápolis,2.0
67,3157336,Santa Cruz de Minas,2.0
67,3158706,Santana do Garambéu,0.0
67,3162500,São João del-Rei,2.0
67,3165008,São Tiago,1.0
67,3168804,Tiradentes,0.0
68,3115201,Conceição da Barra de Minas,2.0
68,3119708,Coronel Xavier Chaves,0.0
68,3123007,Dores de Campos,0.0
68,3137403,Lagoa Dourada,0.0
68,3139102,Madre de Deus de Minas,0.0
68,3144508,Nazareno,0.0
68,3150307,Piedade do Rio Grande,0.0
68,3152709,Prados,0.0
68,3154200,Resende Costa,0.0
68,3156106,Ritápolis,2.0
68,3157336,Santa Cruz de Minas,2.0
68,3158706,Santana do Garambéu,0.0
68,3162500,São João del-Rei,2.0
68,3165008,São Tiago,1.0
68,3168804,Tiradentes,0.0
69,3115201,Conceição da Barra de Minas,2.0
69,3119708,Coronel Xavier Chaves,0.0
69,3123007,Dores de Campos,0.0
69,3137403,Lagoa Dourada,0.0
69,3139102,Madre de Deus de Minas,0.0
69,3144508,Nazareno,0.0
69,3150307,Piedade do Rio Grande,0.0
69,3152709,Prados,0.0
69,3154200,Resende Costa,0.0
69,3156106,Ritápolis,2.0
69,3157336,Santa Cruz de Minas,2.0
69,3158706,Santana do Garambéu,0.0
69,3162500,São João del-Rei,2.0
69,3165008,São Tiago,1.0
69,3168804,Tiradentes,0.0
70,3115201,Conceição da Barra de Minas,2.0
70,3119708,Coronel Xavier Chaves,0.0
70,3123007,Dores de Campos,0.0
70,3137403,Lagoa Dourada,0.0
70,3139102,Madre de Deus de Minas,0.0
70,3144508,Nazareno,0.0
70,3150307,Piedade do Rio Grande,0.0
70,3152709,Prados,0.0
70,3154200,Resende Costa,0.0
70,3156106,Ritápolis,2.0
70,3157336,Santa Cruz de Minas,2.0
70,3158706,Santana do Garambéu,0.0
70,3162500,São João del-Rei,2.0
70,3165008,São Tiago,1.0
70,3168804,Tiradentes,0.0
71,3115201,Conceição da Barra de Minas,2.0
71,3119708,Coronel Xavier Chaves,0.0
71,3123007,Dores de Campos,0.0
71,3137403,Lagoa Dourada,0.0
71,3139102,Madre de Deus de Minas,0.0
71,3144508,Nazareno,0.0
71,3150307,Piedade do Rio Grande,0.0
71,3152709,Prados,0.0
71,3154200,Resende Costa,0.0
71,3156106,Ritápolis,2.0
71,3157336,Santa Cruz de Minas,2.0
71,3158706,Santana do Garambéu,0.0
71,3162500,São João del-Rei,2.0
71,3165008,São Tiago,1.0
71,3168804,Tiradentes,0.0
72,3115201,Conceição da Barra de Minas,2.0
72,3119708,Coronel Xavier Chaves,0.0
72,3123007,Dores de Campos,0.0
72,3137403,Lagoa Dourada,0.0
72,3139102,Madre de Deus de Minas,0.0
72,3144508,Nazareno,0.0
72,3150307,Piedade do Rio Grande,0.0
72,3152709,Prados,0.0
72,3154200,Resende Costa,0.0
72,3156106,Ritápolis,2.0
72,3157336,Santa Cruz de Minas,2.0
72,3158706,Santana do Garambéu,0.0
72,3162500,São João del-Rei,2.0
72,3165008,São Tiago,1.0
72,3168804,Tiradentes,0.0
73,3115201,Conceição da Barra de Minas,2.0
73,3119708,Coronel Xavier Chaves,0.0
73,3123007,Dores de Campos,0.0
73,3137403,Lagoa Dourada,0.0
73,3139102,Madre de Deus de Minas,0.0
73,3144508,Nazareno,0.0
73,3150307,Piedade do Rio Grande,0.0
73,3152709,Prados,0.0
73,3154200,Resende Costa,0.0
73,3156106,Ritápolis,2.0
73,3157336,Santa Cruz de Minas,2.0
73,3158706,Santana do Garambéu,0.0
73,3162500,São João del-Rei,2.0
73,3165008,São Tiago,1.0
73,3168804,Tiradentes,0.0
74,3115201,Conceição da Barra de Minas,2.0
74,3119708,Coronel Xavier Chaves,0.0
74,3123007,Dores de Campos,0.0
74,3137403,Lagoa Dourada,0.0
74,3139102,Madre de Deus de Minas,0.0
74,3144508,Nazareno,0.0
74,3150307,Piedade do Rio Grande,0.0
74,3152709,Prados,0.0
74,3154200,Resende Costa,0.0
74,3156106,Ritápolis,2.0
74,3157336,Santa Cruz de Minas,2.0
74,3158706,Santana do Garambéu,0.0
74,3162500,São João del-Rei,2.0
74,3165008,São Tiago,1.0
74,3168804,Tiradentes,0.0
75,3115201,Conceição da Barra de Minas,2.0
75,3119708,Coronel Xavier Chaves,0.0
75,3123007,Dores de Campos,0.0
75,3137403,Lagoa Dourada,0.0
75,3139102,Madre de Deus de Minas,0.0
75,3144508,Nazareno,0.0
75,3150307,Piedade do Rio Grande,0.0
75,3152709,Prados,0.0
75,3154200,Resende Costa,0.0
75,3156106,Ritápolis,2.0
75,3157336,Santa Cruz de Minas,2.0
75,3158706,Santana do Garambéu,0.0
75,3162500,São João del-Rei,2.0
75,3165008,São Tiago,1.0
75,3168804,Tiradentes,0.0
76,3115201,Conceição da Barra de Minas,2.0
76,3119708,Coronel Xavier Chaves,0.0
76,3123007,Dores de Campos,0.0
76,3137403,Lagoa Dourada,0.0
76,3139102,Madre de Deus de Minas,0.0
76,3144508,Nazareno,0.0
76,3150307,Piedade do Rio Grande,0.0
76,3152709,Prados,0.0
76,3154200,Resende Costa,0.0
76,3156106,Ritápolis,2.0
76,3157336,Santa Cruz de Minas,2.0
76,3158706,Santana do Garambéu,0.0
76,3162500,São João del-Rei,2.0
76,3165008,São Tiago,1.0
76,3168804,Tiradentes,0.0
77,3115201,Conceição da Barra de Minas,2.0
77,3119708,Coronel Xavier Chaves,0.0
77,3123007,Dores de Campos,0.0
77,3137403,Lagoa Dourada,0.0
77,3139102,Madre de Deus de Minas,0.0
77,3144508,Nazareno,0.0
77,3150307,Piedade do Rio Grande,0.0
77,3152709,Prados,0.0
77,3154200,Resende Costa,0.0
77,3156106,Ritápolis,2.0
77,3157336,Santa Cruz de Minas,2.0
77,3158706,Santana do Garambéu,0.0
77,3162500,São João del-Rei,2.0
77,3165008,São Tiago,1.0
77,3168804,Tiradentes,0.0
78,3115201,Conceição da Barra de Minas,2.0
78,3119708,Coronel Xavier Chaves,0.0
78,3123007,Dores de Campos,0.0
78,3137403,Lagoa Dourada,0.0
78,3139102,Madre de Deus de Minas,0.0
78,3144508,Nazareno,0.0
78,3150307,Piedade do Rio Grande,0.0
78,3152709,Prados,0.0
78,3154200,Resende Costa,0.0
78,3156106,Ritápolis,2.0
78,3157336,Santa Cruz de Minas,2.0
78,3158706,Santana do Garambéu,0.0
78,3162500,São João del-Rei,2.0
78,3165008,São Tiago,1.0
78,3168804,Tiradentes,0.0
79,3115201,Conceição da Barra de Minas,2.0
79,3119708,Coronel Xavier Chaves,0.0
79,3123007,Dores de Campos,0.0
79,3137403,Lagoa Dourada,0.0
79,3139102,Madre de Deus de Minas,0.0
79,3144508,Nazareno,0.0
79,3150307,Piedade do Rio Grande,0.0
79,3152709,Prados,0.0
79,3154200,Resende Costa,0.0
79,3156106,Ritápolis,2.0
79,3157336,Santa Cruz de Minas,2.0
79,3158706,Santana do Garambéu,0.0
79,3162500,São João del-Rei,2.0
79,3165008,São Tiago,1.0
79,3168804,Tiradentes,0.0
80,3115201,Conceição da Barra de Minas,2.0
80,3119708,Coronel Xavier Chaves,0.0
80,3123007,Dores de Campos,0.0
80,3137403,Lagoa Dourada,0.0
80,3139102,Madre de Deus de Minas,0.0
80,3144508,Nazareno,0.0
80,3150307,Piedade do Rio Grande,0.0
80,3152709,Prados,0.0
80,3154200,Resende Costa,0.0
80,3156106,Ritápolis,2.0
80,3157336,Santa Cruz de Minas,2.0
80,3158706,Santana do Garambéu,0.0
80,3162500,São João del-Rei,2.0
80,3165008,São Tiago,1.0
80,3168804,Tiradentes,0.0
81,3115201,Conceição da Barra de Minas,2.0
81,3119708,Coronel Xavier Chaves,0.0
81,3123007,Dores de Campos,0.0
81,3137403,Lagoa Dourada,0.0
81,3139102,Madre de Deus de Minas,0.0
81,3144508,Nazareno,0.0
81,3150307,Piedade do Rio Grande,0.0
81,3152709,Prados,0.0
81,3154200,Resende Costa,0.0
81,3156106,Ritápolis,2.0
81,3157336,Santa Cruz de Minas,2.0
81,3158706,Santana do Garambéu,0.0
81,3162500,São João del-Rei,2.0
81,3165008,São Tiago,1.0
81,3168804,Tiradentes,0.0
82,3115201,Conceição da Barra de Minas,2.0
82,3119708,Coronel Xavier Chaves,0.0
82,3123007,Dores de Campos,0.0
82,3137403,Lagoa Dourada,0.0
82,3139102,Madre de Deus de Minas,0.0
82,3144508,Nazareno,0.0
82,3150307,Piedade do Rio Grande,0.0
82,3152709,Prados,0.0
82,3154200,Resende Costa,0.0
82,3156106,Ritápolis,2.0
82,3157336,Santa Cruz de Minas,2.0
82,3158706,Santana do Garambéu,0.0
82,3162500,São João del-Rei,2.0
82,3165008,São Tiago,1.0
82,3168804,Tiradentes,0.0
83,3115201,Conceição da Barra de Minas,2.0
83,3119708,Coronel Xavier Chaves,0.0
83,3123007,Dores de Campos,0.0
83,3137403,Lagoa Dourada,0.0
83,3139102,Madre de Deus de Minas,0.0
83,3144508,Nazareno,0.0
83,3150307,Piedade do Rio Grande,0.0
83,3152709,Prados,0.0
83,3154200,Resende Costa,0.0
83,3156106,Ritápolis,2.0
83,3157336,Santa Cruz de Minas,2.0
83,3158706,Santana do Garambéu,0.0
83,3162500,São João del-Rei,2.0
83,3165008,São Tiago,1.0
83,3168804,Tiradentes,0.0
84,3115201,Conceição da Barra de Minas,2.0
84,3119708,Coronel Xavier Chaves,0.0
84,3123007,Dores de Campos,0.0
84,3137403,Lagoa Dourada,0.0
84,3139102,Madre de Deus de Minas,0.0
84,3144508,Nazareno,0.0
84,3150307,Piedade do Rio Grande,0.0
84,3152709,Prados,0.0
84,3154200,Resende Costa,0.0
84,3156106,Ritápolis,2.0
84,3157336,Santa Cruz de Minas,2.0
84,3158706,Santana do Garambéu,0.0
84,3162500,São João del-Rei,2.0
84,3165008,São Tiago,1.0
84,3168804,Tiradentes,0.0
85,3115201,Conceição da Barra de Minas,2.0
85,3119708,Coronel Xavier Chaves,0.0
85,3123007,Dores de Campos,0.0
85,3137403,Lagoa Dourada,0.0
85,3139102,Madre de Deus de Minas,0.0
85,3144508,Nazareno,0.0
85,3150307,Piedade do Rio Grande,0.0
85,3152709,Prados,0.0
85,3154200,Resende Costa,0.0
85,3156106,Ritápolis,2.0
85,3157336,Santa Cruz de Minas,2.0
85,3158706,Santana do Garambéu,0.0
85,3162500,São João del-Rei,2.0
85,3165008,São Tiago,1.0
85,3168804,Tiradentes,0.0
86,3115201,Conceição da Barra de Minas,2.0
86,3119708,Coronel Xavier Chaves,0.0
86,3123007,Dores de Campos,0.0
86,3137403,Lagoa Dourada,0.0
86,3139102,Madre de Deus de Minas,0.0
86,3144508,Nazareno,0.0
86,3150307,Piedade do Rio Grande,0.0
86,3152709,Prados,0.0
86,3154200,Resende Costa,0.0
86,3156106,Ritápolis,2.0
86,3157336,Santa Cruz de Minas,2.0
86,3158706,Santana do Garambéu,0.0
86,3162500,São João del-Rei,2.0
86,3165008,São Tiago,1.0
86,3168804,Tiradentes,0.0
87,3115201,Conceição da Barra de Minas,2.0
87,3119708,Coronel Xavier Chaves,0.0
87,3123007,Dores de Campos,0.0
87,3137403,Lagoa Dourada,0.0
87,3139102,Madre de Deus de Minas,0.0
87,3144508,Nazareno,0.0
87,3150307,Piedade do Rio Grande,0.0
87,3152709,Prados,0.0
87,3154200,Resende Costa,0.0
87,3156106,Ritápolis,2.0
87,3157336,Santa Cruz de Minas,2.0
87,3158706,Santana do Garambéu,0.0
87,3162500,São João del-Rei,2.0
87,3165008,São Tiago,1.0
87,3168804,Tiradentes,0.0
88,3115201,Conceição da Barra de Minas,2.0
88,3119708,Coronel Xavier Chaves,0.0
88,3123007,Dores de Campos,0.0
88,3137403,Lagoa Dourada,0.0
88,3139102,Madre de Deus de Minas,0.0
88,3144508,Nazareno,0.0
88,3150307,Piedade do Rio Grande,0.0
88,3152709,Prados,0.0
88,3154200,Resende Costa,0.0
88,3156106,Ritápolis,2.0
88,3157336,Santa Cruz de Minas,2.0
88,3158706,Santana do Garambéu,0.0
88,3162500,São João del-Rei,2.0
88,3165008,São Tiago,1.0
88,3168804,Tiradentes,0.0
89,3115201,Conceição da Barra de Minas,2.0
89,3119708,Coronel Xavier Chaves,0.0
89,3123007,Dores de Campos,0.0
89,3137403,Lagoa Dourada,0.0
89,3139102,Madre de Deus de Minas,0.0
89,3144508,Nazareno,0.0
89,3150307,Piedade do Rio Grande,0.0
89,3152709,Prados,0.0
89,3154200,Resende Costa,0.0
89,3156106,Ritápolis,2.0
89,3157336,Santa Cruz de Minas,2.0
89,3158706,Santana do Garambéu,0.0
89,3162500,São João del-Rei,2.0
89,3165008,São Tiago,1.0
89,3168804,Tiradentes,0.0
90,3115201,Conceição da Barra de Minas,2.0
90,3119708,Coronel Xavier Chaves,0.0
90,3123007,Dores de Campos,0.0
90,3137403,Lagoa Dourada,0.0
90,3139102,Madre de Deus de Minas,0.0
90,3144508,Nazareno,0.0
90,3150307,Piedade do Rio Grande,0.0
90,3152709,Prados,0.0
90,3154200,Resende Costa,0.0
90,3156106,Ritápolis,2.0
90,3157336,Santa Cruz de Minas,2.0
90,3158706,Santana do Garambéu,0.0
90,3162500,São João del-Rei,2.0
90,3165008,São Tiago,1.0
90,3168804,Tiradentes,0.0
91,3115201,Conceição da Barra de Minas,2.0
91,3119708,Coronel Xavier Chaves,0.0
91,3123007,Dores de Campos,0.0
91,3137403,Lagoa Dourada,0.0
91,3139102,Madre de Deus de Minas,0.0
91,3144508,Nazareno,0.0
91,3150307,Piedade do Rio Grande,0.0
91,3152709,Prados,0.0
91,3154200,Resende Costa,0.0
91,3156106,Ritápolis,2.0
91,3157336,Santa Cruz de Minas,2.0
91,3158706,Santana do Garambéu,0.0
91,3162500,São João del-Rei,2.0
91,3165008,São Tiago,1.0
91,3168804,Tiradentes,0.0
92,3115201,Conceição da Barra de Minas,2.0
92,3119708,Coronel Xavier Chaves,0.0
92,3123007,Dores de Campos,0.0
92,3137403,Lagoa Dourada,0.0
92,3139102,Madre de Deus de Minas,0.0
92,3144508,Nazareno,0.0
92,3150307,Piedade do Rio Grande,0.0
92,3152709,Prados,0.0
92,3154200,Resende Costa,0.0
92,3156106,Ritápolis,2.0
92,3157336,Santa Cruz de Minas,2.0
92,3158706,Santana do Garambéu,0.0
92,3162500,São João del-Rei,2.0
92,3165008,São Tiago,1.0
92,3168804,Tiradentes,0.0
93,3115201,Conceição da Barra de Minas,2.0
93,3119708,Coronel Xavier Chaves,0.0
93,3123007,Dores de Campos,0.0
93,3137403,Lagoa Dourada,0.0
93,3139102,Madre de Deus de Minas,0.0
93,3144508,Nazareno,0.0
93,3150307,Piedade do Rio Grande,0.0
93,3152709,Prados,0.0
93,3154200,Resende Costa,0.0
93,3156106,Ritápolis,2.0
93,3157336,Santa Cruz de Minas,2.0
93,3158706,Santana do Garambéu,0.0
93,3162500,São João del-Rei,2.0
93,3165008,São Tiago,1.0
93,3168804,Tiradentes,0.0
94,3115201,Conceição da Barra de Minas,2.0
94,3119708,Coronel Xavier Chaves,0.0
94,3123007,Dores de Campos,0.0
94,3137403,Lagoa Dourada,0.0
94,3139102,Madre de Deus de Minas,0.0
94,3144508,Nazareno,0.0
94,3150307,Piedade do Rio Grande,0.0
94,3152709,Prados,0.0
94,3154200,Resende Costa,0.0
94,3156106,Ritápolis,2.0
94,3157336,Santa Cruz de Minas,2.0
94,3158706,Santana do Garambéu,0.0
94,3162500,São João del-Rei,2.0
94,3165008,São Tiago,1.0
94,3168804,Tiradentes,0.0
95,3115201,Conceição da Barra de Minas,2.0
95,3119708,Coronel Xavier Chaves,0.0
95,3123007,Dores de Campos,0.0
95,3137403,Lagoa Dourada,0.0
95,3139102,Madre de Deus de Minas,0.0
95,3144508,Nazareno,0.0
95,3150307,Piedade do Rio Grande,0.0
95,3152709,Prados,0.0
95,3154200,Resende Costa,0.0
95,3156106,Ritápolis,2.0
95,3157336,Santa Cruz de Minas,2.0
95,3158706,Santana do Garambéu,0.0
95,3162500,São João del-Rei,2.0
95,3165008,São Tiago,1.0
95,3168804,Tiradentes,0.0
96,3115201,Conceição da Barra de Minas,2.0
96,3119708,Coronel Xavier Chaves,0.0
96,3123007,Dores de Campos,0.0
96,3137403,Lagoa Dourada,0.0
96,3139102,Madre de Deus de Minas,0.0
96,3144508,Nazareno,0.0
96,3150307,Piedade do Rio Grande,0.0
96,3152709,Prados,0.0
96,3154200,Resende Costa,0.0
96,3156106,Ritápolis,2.0
96,3157336,Santa Cruz de Minas,2.0
96,3158706,Santana do Garambéu,0.0
96,3162500,São João del-Rei,2.0
96,3165008,São Tiago,1.0
96,3168804,Tiradentes,0.0
97,3115201,Conceição da Barra de Minas,2.0
97,3119708,Coronel Xavier Chaves,0.0
97,3123007,Dores de Campos,0.0
97,3137403,Lagoa Dourada,0.0
97,3139102,Madre de Deus de Minas,0.0
97,3144508,Nazareno,0.0
97,3150307,Piedade do Rio Grande,0.0
97,3152709,Prados,0.0
97,3154200,Resende Costa,0.0
97,3156106,Ritápolis,2.0
97,3157336,Santa Cruz de Minas,2.0
97,3158706,Santana do Garambéu,0.0
97,3162500,São João del-Rei,2.0
97,3165008,São Tiago,1.0
97,3168804,Tiradentes,0.0
98,3115201,Conceição da Barra de Minas,2.0
98,3119708,Coronel Xavier Chaves,0.0
98,3123007,Dores de Campos,0.0
98,3137403,Lagoa Dourada,0.0
98,3139102,Madre de Deus de Minas,0.0
98,3144508,Nazareno,0.0
98,3150307,Piedade do Rio Grande,0.0
98,3152709,Prados,0.0
98,3154200,Resende Costa,0.0
98,3156106,Ritápolis,2.0
98,3157336,Santa Cruz de Minas,2.0
98,3158706,Santana do Garambéu,0.0
98,3162500,São João del-Rei,2.0
98,3165008,São Tiago,1.0
98,3168804,Tiradentes,0.0
99,3115201,Conceição da Barra de Minas,2.0
99,3119708,Coronel Xavier Chaves,0.0
99,3123007,Dores de Campos,0.0
99,3137403,Lagoa Dourada,0.0
99,3139102,Madre de Deus de Minas,0.0
99,3144508,Nazareno,0.0
99,3150307,Piedade do Rio Grande,0.0
99,3152709,Prados,0.0
99,3154200,Resende Costa,0.0
99,3156106,Ritápolis,2.0
99,3157336,Santa Cruz de Minas,2.0
99,3158706,Santana do Garambéu,0.0
99,3162500,São João del-Rei,2.0
99,3165008,São Tiago,1.0
99,3168804,Tiradentes,0.0
100,3115201,Conceição da Barra de Minas,2.0
100,3119708,Coronel Xavier Chaves,0.0
100,3123007,Dores de Campos,0.0
100,3137403,Lagoa Dourada,0.0
100,3139102,Madre de Deus de Minas,0.0
100,3144508,Nazareno,0.0
100,3150307,Piedade do Rio Grande,0.0
100,3152709,Prados,0.0
100,3154200,Resende Costa,0.0
100,3156106,Ritápolis,2.0
100,3157336,Santa Cruz de Minas,2.0
100,3158706,Santana do Garambéu,0.0
100,3162500,São João del-Rei,2.0
100,3165008,São Tiago,1.0
100,3168804,Tiradentes,0.0
101,3115201,Conceição da Barra de Minas,2.0
101,3119708,Coronel Xavier Chaves,0.0
101,3123007,Dores de Campos,0.0
101,3137403,Lagoa Dourada,0.0
101,3139102,Madre de Deus de Minas,0.0
101,3144508,Nazareno,0.0
101,3150307,Piedade do Rio Grande,0.0
101,3152709,Prados,0.0
101,3154200,Resende Costa,0.0
101,3156106,Ritápolis,2.0
101,3157336,Santa Cruz de Minas,2.0
101,3158706,Santana do Garambéu,0.0
101,3162500,São João del-Rei,2.0
101,3165008,São Tiago,1.0
101,3168804,Tiradentes,0.0
102,3115201,Conceição da Barra de Minas,2.0
102,3119708,Coronel Xavier Chaves,0.0
102,3123007,Dores de Campos,0.0
102,3137403,Lagoa Dourada,0.0
102,3139102,Madre de Deus de Minas,0.0
102,3144508,Nazareno,0.0
102,3150307,Piedade do Rio Grande,0.0
102,3152709,Prados,0.0
102,3154200,Resende Costa,0.0
102,3156106,Ritápolis,2.0
102,3157336,Santa Cruz de Minas,2.0
102,3158706,Santana do Garambéu,0.0
102,3162500,São João del-Rei,2.0
102,3165008,São Tiago,1.0
102,3168804,Tiradentes,0.0
103,3115201,Conceição da Barra de Minas,2.0
103,3119708,Coronel Xavier Chaves,0.0
103,3123007,Dores de Campos,0.0
103,3137403,Lagoa Dourada,0.0
103,3139102,Madre de Deus de Minas,0.0
103,3144508,Nazareno,0.0
103,3150307,Piedade do Rio Grande,0.0
103,3152709,Prados,0.0
103,3154200,Resende Costa,0.0
103,3156106,Ritápolis,2.0
103,3157336,Santa Cruz de Minas,2.0
103,3158706,Santana do Garambéu,0.0
103,3162500,São João del-Rei,2.0
103,3165008,São Tiago,1.0
103,3168804,Tiradentes,0.0
104,3115201,Conceição da Barra de Minas,2.0
104,3119708,Coronel Xavier Chaves,0.0
104,3123007,Dores de Campos,0.0
104,3137403,Lagoa Dourada,0.0
104,3139102,Madre de Deus de Minas,0.0
104,3144508,Nazareno,0.0
104,3150307,Piedade do Rio Grande,0.0
104,3152709,Prados,0.0
104,3154200,Resende Costa,0.0
104,3156106,Ritápolis,2.0
104,3157336,Santa Cruz de Minas,2.0
104,3158706,Santana do Garambéu,0.0
104,3162500,São João del-Rei,2.0
104,3165008,São Tiago,1.0
104,3168804,Tiradentes,0.0
105,3115201,Conceição da Barra de Minas,2.0
105,3119708,Coronel Xavier Chaves,0.0
105,3123007,Dores de Campos,0.0
105,3137403,Lagoa Dourada,0.0
105,3139102,Madre de Deus de Minas,0.0
105,3144508,Nazareno,0.0
105,3150307,Piedade do Rio Grande,0.0
105,3152709,Prados,0.0
105,3154200,Resende Costa,0.0
105,3156106,Ritápolis,2.0
105,3157336,Santa Cruz de Minas,2.0
105,3158706,Santana do Garambéu,0.0
105,3162500,São João del-Rei,2.0
105,3165008,São Tiago,1.0
105,3168804,Tiradentes,0.0
106,3115201,Conceição da Barra de Minas,2.0
106,3119708,Coronel Xavier Chaves,0.0
106,3123007,Dores de Campos,0.0
106,3137403,Lagoa Dourada,0.0
106,3139102,Madre de Deus de Minas,0.0
106,3144508,Nazareno,0.0
106,3150307,Piedade do Rio Grande,0.0
106,3152709,Prados,0.0
106,3154200,Resende Costa,0.0
106,3156106,Ritápolis,2.0
106,3157336,Santa Cruz de Minas,2.0
106,3158706,Santana do Garambéu,0.0
106,3162500,São João del-Rei,2.0
106,3165008,São Tiago,1.0
106,3168804,Tiradentes,0.0
107,3115201,Conceição da Barra de Minas,2.0
107,3119708,Coronel Xavier Chaves,0.0
107,3123007,Dores de Campos,0.0
107,3137403,Lagoa Dourada,0.0
107,3139102,Madre de Deus de Minas,0.0
107,3144508,Nazareno,0.0
107,3150307,Piedade do Rio Grande,0.0
107,3152709,Prados,0.0
107,3154200,Resende Costa,0.0
107,3156106,Ritápolis,2.0
107,3157336,Santa Cruz de Minas,2.0
107,3158706,Santana do Garambéu,0.0
107,3162500,São João del-Rei,2.0
107,3165008,São Tiago,1.0
107,3168804,Tiradentes,0.0
108,3115201,Conceição da Barra de Minas,2.0
108,3119708,Coronel Xavier Chaves,0.0
108,3123007,Dores de Campos,0.0
108,3137403,Lagoa Dourada,0.0
108,3139102,Madre de Deus de Minas,0.0
108,3144508,Nazareno,0.0
108,3150307,Piedade do Rio Grande,0.0
108,3152709,Prados,0.0
108,3154200,Resende Costa,0.0
108,3156106,Ritápolis,2.0
108,3157336,Santa Cruz de Minas,2.0
108,3158706,Santana do Garambéu,0.0
108,3162500,São João del-Rei,2.0
108,3165008,São Tiago,1.0
108,3168804,Tiradentes,0.0
109,3115201,Conceição da Barra de Minas,2.0
109,3119708,Coronel Xavier Chaves,0.0
109,3123007,Dores de Campos,0.0
109,3137403,Lagoa Dourada,0.0
109,3139102,Madre de Deus de Minas,0.0
109,3144508,Nazareno,0.0
109,3150307,Piedade do Rio Grande,0.0
109,3152709,Prados,0.0
109,3154200,Resende Costa,0.0
109,3156106,Ritápolis,2.0
109,3157336,Santa Cruz de Minas,2.0
109,3158706,Santana do Garambéu,0.0
109,3162500,São João del-Rei,2.0
109,3165008,São Tiago,1.0
109,3168804,Tiradentes,0.0
110,3115201,Conceição da Barra de Minas,2.0
110,3119708,Coronel Xavier Chaves,0.0
110,3123007,Dores de Campos,0.0
110,3137403,Lagoa Dourada,0.0
110,3139102,Madre de Deus de Minas,0.0
110,3144508,Nazareno,0.0
110,3150307,Piedade do Rio Grande,0.0
110,3152709,Prados,0.0
110,3154200,Resende Costa,0.0
110,3156106,Ritápolis,2.0
110,3157336,Santa Cruz de Minas,2.0
110,3158706,Santana do Garambéu,0.0
110,3162500,São João del-Rei,2.0
110,3165008,São Tiago,1.0
110,3168804,Tiradentes,0.0
111,3115201,Conceição da Barra de Minas,2.0
111,3119708,Coronel Xavier Chaves,0.0
111,3123007,Dores de Campos,0.0
111,3137403,Lagoa Dourada,0.0
111,3139102,Madre de Deus de Minas,0.0
111,3144508,Nazareno,0.0
111,3150307,Piedade do Rio Grande,0.0
111,3152709,Prados,0.0
111,3154200,Resende Costa,0.0
111,3156106,Ritápolis,2.0
111,3157336,Santa Cruz de Minas,2.0
111,3158706,Santana do Garambéu,0.0
111,3162500,São João del-Rei,2.0
111,3165008,São Tiago,1.0
111,3168804,Tiradentes,0.0
112,3115201,Conceição da Barra de Minas,2.0
112,3119708,Coronel Xavier Chaves,0.0
112,3123007,Dores de Campos,0.0
112,3137403,Lagoa Dourada,0.0
112,3139102,Madre de Deus de Minas,0.0
112,3144508,Nazareno,0.0
112,3150307,Piedade do Rio Grande,0.0
112,3152709,Prados,0.0
112,3154200,Resende Costa,0.0
112,3156106,Ritápolis,2.0
112,3157336,Santa Cruz de Minas,2.0
112,3158706,Santana do Garambéu,0.0
112,3162500,São João del-Rei,2.0
112,3165008,São Tiago,1.0
112,3168804,Tiradentes,0.0
113,3115201,Conceição da Barra de Minas,2.0
113,3119708,Coronel Xavier Chaves,0.0
113,3123007,Dores de Campos,0.0
113,3137403,Lagoa Dourada,0.0
113,3139102,Madre de Deus de Minas,0.0
113,3144508,Nazareno,0.0
113,3150307,Piedade do Rio Grande,0.0
113,3152709,Prados,0.0
113,3154200,Resende Costa,0.0
113,3156106,Ritápolis,2.0
113,3157336,Santa Cruz de Minas,2.0
113,3158706,Santana do Garambéu,0.0
113,3162500,São João del-Rei,2.0
113,3165008,São Tiago,1.0
113,3168804,Tiradentes,0.0
114,3115201,Conceição da Barra de Minas,2.0
114,3119708,Coronel Xavier Chaves,0.0
114,3123007,Dores de Campos,0.0
114,3137403,Lagoa Dourada,0.0
114,3139102,Madre de Deus de Minas,0.0
114,3144508,Nazareno,0.0
114,3150307,Piedade do Rio Grande,0.0
114,3152709,Prados,0.0
114,3154200,Resende Costa,0.0
114,3156106,Ritápolis,2.0
114,3157336,Santa Cruz de Minas,2.0
114,3158706,Santana do Garambéu,0.0
114,3162500,São João del-Rei,2.0
114,3165008,São Tiago,1.0
114,3168804,Tiradentes,0.0
115,3115201,Conceição da Barra de Minas,2.0
115,3119708,Coronel Xavier Chaves,0.0
115,3123007,Dores de Campos,0.0
115,3137403,Lagoa Dourada,0.0
115,3139102,Madre de Deus de Minas,0.0
115,3144508,Nazareno,0.0
115,3150307,Piedade do Rio Grande,0.0
115,3152709,Prados,0.0
115,3154200,Resende Costa,0.0
115,3156106,Ritápolis,2.0
115,3157336,Santa Cruz de Minas,2.0
115,3158706,Santana do Garambéu,0.0
115,3162500,São João del-Rei,2.0
115,3165008,São Tiago,1.0
115,3168804,Tiradentes,0.0
116,3115201,Conceição da Barra de Minas,2.0
116,3119708,Coronel Xavier Chaves,0.0
116,3123007,Dores de Campos,0.0
116,3137403,Lagoa Dourada,0.0
116,3139102,Madre de Deus de Minas,0.0
116,3144508,Nazareno,0.0
116,3150307,Piedade do Rio Grande,0.0
116,3152709,Prados,0.0
116,3154200,Resende Costa,0.0
116,3156106,Ritápolis,2.0
116,3157336,Santa Cruz de Minas,2.0
116,3158706,Santana do Garambéu,0.0
116,3162500,São João del-Rei,2.0
116,3165008,São Tiago,1.0
116,3168804,Tiradentes,0.0
117,3115201,Conceição da Barra de Minas,2.0
117,3119708,Coronel Xavier Chaves,0.0
117,3123007,Dores de Campos,0.0
117,3137403,Lagoa Dourada,0.0
117,3139102,Madre de Deus de Minas,0.0
117,3144508,Nazareno,0.0
117,3150307,Piedade do Rio Grande,0.0
117,3152709,Prados,0.0
117,3154200,Resende Costa,0.0
117,3156106,Ritápolis,2.0
117,3157336,Santa Cruz de Minas,2.0
117,3158706,Santana do Garambéu,0.0
117,3162500,São João del-Rei,2.0
117,3165008,São Tiago,1.0
117,3168804,Tiradentes,0.0
118,3115201,Conceição da Barra de Minas,2.0
118,3119708,Coronel Xavier Chaves,0.0
118,3123007,Dores de Campos,0.0
118,3137403,Lagoa Dourada,0.0
118,3139102,Madre de Deus de Minas,0.0
118,3144508,Nazareno,0.0
118,3150307,Piedade do Rio Grande,0.0
118,3152709,Prados,0.0
118,3154200,Resende Costa,0.0
118,3156106,Ritápolis,2.0
118,3157336,Santa Cruz de Minas,2.0
118,3158706,Santana do Garambéu,0.0
118,3162500,São João del-Rei,2.0
118,3165008,São Tiago,1.0
118,3168804,Tiradentes,0.0
119,3115201,Conceição da Barra de Minas,2.0
119,3119708,Coronel Xavier Chaves,0.0
119,3123007,Dores de Campos,0.0
119,3137403,Lagoa Dourada,0.0
119,3139102,Madre de Deus de Minas,0.0
119,3144508,Nazareno,0.0
119,3150307,Piedade do Rio Grande,0.0
119,3152709,Prados,0.0
119,3154200,Resende Costa,0.0
119,3156106,Ritápolis,2.0
119,3157336,Santa Cruz de Minas,2.0
119,3158706,Santana do Garambéu,0.0
119,3162500,São João del-Rei,2.0
119,3165008,São Tiago,1.0
119,3168804,Tiradentes,0.0
120,3115201,Conceição da Barra de Minas,2.0
120,3119708,Coronel Xavier Chaves,0.0
120,3123007,Dores de Campos,0.0
120,3137403,Lagoa Dourada,0.0
120,3139102,Madre de Deus de Minas,0.0
120,3144508,Nazareno,0.0
120,3150307,Piedade do Rio Grande,0.0
120,3152709,Prados,0.0
120,3154200,Resende Costa,0.0
120,3156106,Ritápolis,2.0
120,3157336,Santa Cruz de Minas,2.0
120,3158706,Santana do Garambéu,0.0
120,3162500,São João del-Rei,2.0
120,3165008,São Tiago,1.0
120,3168804,Tiradentes,0.0
121,3115201,Conceição da Barra de Minas,2.0
121,3119708,Coronel Xavier Chaves,0.0
121,3123007,Dores de Campos,0.0
121,3137403,Lagoa Dourada,0.0
121,3139102,Madre de Deus de Minas,0.0
121,3144508,Nazareno,0.0
121,3150307,Piedade do Rio Grande,0.0
121,3152709,Prados,0.0
121,3154200,Resende Costa,0.0
121,3156106,Ritápolis,2.0
121,3157336,Santa Cruz de Minas,2.0
121,3158706,Santana do Garambéu,0.0
121,3162500,São João del-Rei,2.0
121,3165008,São Tiago,1.0
121,3168804,Tiradentes,0.0
122,3115201,Conceição da Barra de Minas,2.0
122,3119708,Coronel Xavier Chaves,0.0
122,3123007,Dores de Campos,0.0
122,3137403,Lagoa Dourada,0.0
122,3139102,Madre de Deus de Minas,0.0
122,3144508,Nazareno,0.0
122,3150307,Piedade do Rio Grande,0.0
122,3152709,Prados,0.0
122,3154200,Resende Costa,0.0
122,3156106,Ritápolis,2.0
122,3157336,Santa Cruz de Minas,2.0
122,3158706,Santana do Garambéu,0.0
122,3162500,São João del-Rei,2.0
122,3165008,São Tiago,1.0
122,3168804,Tiradentes,0.0
123,3115201,Conceição da Barra de Minas,2.0
123,3119708,Coronel Xavier Chaves,0.0
123,3123007,Dores de Campos,0.0
123,3137403,Lagoa Dourada,0.0
123,3139102,Madre de Deus de Minas,0.0
123,3144508,Nazareno,0.0
123,3150307,Piedade do Rio Grande,0.0
123,3152709,Prados,0.0
123,3154200,Resende Costa,0.0
123,3156106,Ritápolis,2.0
123,3157336,Santa Cruz de Minas,2.0
123,3158706,Santana do Garambéu,0.0
123,3162500,São João del-Rei,2.0
123,3165008,São Tiago,1.0
123,3168804,Tiradentes,0.0
124,3115201,Conceição da Barra de Minas,2.0
124,3119708,Coronel Xavier Chaves,0.0
124,3123007,Dores de Campos,0.0
124,3137403,Lagoa Dourada,0.0
124,3139102,Madre de Deus de Minas,0.0
124,3144508,Nazareno,0.0
124,3150307,Piedade do Rio Grande,0.0
124,3152709,Prados,0.0
124,3154200,Resende Costa,0.0
124,3156106,Ritápolis,2.0
124,3157336,Santa Cruz de Minas,2.0
124,3158706,Santana do Garambéu,0.0
124,3162500,São João del-Rei,2.0
124,3165008,São Tiago,1.0
124,3168804,Tiradentes,0.0
125,3115201,Conceição da Barra de Minas,2.0
125,3119708,Coronel Xavier Chaves,0.0
125,3123007,Dores de Campos,0.0
125,3137403,Lagoa Dourada,0.0
125,3139102,Madre de Deus de Minas,0.0
125,3144508,Nazareno,0.0
125,3150307,Piedade do Rio Grande,0.0
125,3152709,Prados,0.0
125,3154200,Resende Costa,0.0
125,3156106,Ritápolis,2.0
125,3157336,Santa Cruz de Minas,2.0
125,3158706,Santana do Garambéu,0.0
125,3162500,São João del-Rei,2.0
125,3165008,São Tiago,1.0
125,3168804,Tiradentes,0.0
126,3115201,Conceição da Barra de Minas,2.0
126,3119708,Coronel Xavier Chaves,0.0
126,3123007,Dores de Campos,0.0
126,3137403,Lagoa Dourada,0.0
126,3139102,Madre de Deus de Minas,0.0
126,3144508,Nazareno,0.0
126,3150307,Piedade do Rio Grande,0.0
126,3152709,Prados,0.0
126,3154200,Resende Costa,0.0
126,3156106,Ritápolis,2.0
126,3157336,Santa Cruz de Minas,2.0
126,3158706,Santana do Garambéu,0.0
126,3162500,São João del-Rei,2.0
126,3165008,São Tiago,1.0
126,3168804,Tiradentes,0.0
127,3115201,Conceição da Barra de Minas,2.0
127,3119708,Coronel Xavier Chaves,0.0
127,3123007,Dores de Campos,0.0
127,3137403,Lagoa Dourada,0.0
127,3139102,Madre de Deus de Minas,0.0
127,3144508,Nazareno,0.0
127,3150307,Piedade do Rio Grande,0.0
127,3152709,Prados,0.0
127,3154200,Resende Costa,0.0
127,3156106,Ritápolis,2.0
127,3157336,Santa Cruz de Minas,2.0
127,3158706,Santana do Garambéu,0.0
127,3162500,São João del-Rei,2.0
127,3165008,São Tiago,1.0
127,3168804,Tiradentes,0.0
128,3115201,Conceição da Barra de Minas,2.0
128,3119708,Coronel Xavier Chaves,0.0
128,3123007,Dores de Campos,0.0
128,3137403,Lagoa Dourada,0.0
128,3139102,Madre de Deus de Minas,0.0
128,3144508,Nazareno,0.0
128,3150307,Piedade do Rio Grande,0.0
128,3152709,Prados,0.0
128,3154200,Resende Costa,0.0
128,3156106,Ritápolis,2.0
128,3157336,Santa Cruz de Minas,2.0
128,3158706,Santana do Garambéu,0.0
128,3162500,São João del-Rei,2.0
128,3165008,São Tiago,1.0
128,3168804,Tiradentes,0.0
129,3115201,Conceição da Barra de Minas,2.0
129,3119708,Coronel Xavier Chaves,0.0
129,3123007,Dores de Campos,0.0
129,3137403,Lagoa Dourada,0.0
129,3139102,Madre de Deus de Minas,0.0
129,3144508,Nazareno,0.0
129,3150307,Piedade do Rio Grande,0.0
129,3152709,Prados,0.0
129,3154200,Resende Costa,0.0
129,3156106,Ritápolis,2.0
129,3157336,Santa Cruz de Minas,2.0
129,3158706,Santana do Garambéu,0.0
129,3162500,São João del-Rei,2.0
129,3165008,São Tiago,1.0
129,3168804,Tiradentes,0.0
130,3115201,Conceição da Barra de Minas,2.0
130,3119708,Coronel Xavier Chaves,0.0
130,3123007,Dores de Campos,0.0
130,3137403,Lagoa Dourada,0.0
130,3139102,Madre de Deus de Minas,0.0
130,3144508,Nazareno,0.0
130,3150307,Piedade do Rio Grande,0.0
130,3152709,Prados,0.0
130,3154200,Resende Costa,0.0
130,3156106,Ritápolis,2.0
130,3157336,Santa Cruz de Minas,2.0
130,3158706,Santana do Garambéu,0.0
130,3162500,São João del-Rei,2.0
130,3165008,São Tiago,1.0
130,3168804,Tiradentes,0.0
131,3115201,Conceição da Barra de Minas,2.0
131,3119708,Coronel Xavier Chaves,0.0
131,3123007,Dores de Campos,0.0
131,3137403,Lagoa Dourada,0.0
131,3139102,Madre de Deus de Minas,0.0
131,3144508,Nazareno,0.0
131,3150307,Piedade do Rio Grande,0.0
131,3152709,Prados,0.0
131,3154200,Resende Costa,0.0
131,3156106,Ritápolis,2.0
131,3157336,Santa Cruz de Minas,2.0
131,3158706,Santana do Garambéu,0.0
131,3162500,São João del-Rei,2.0
131,3165008,São Tiago,1.0
131,3168804,Tiradentes,0.0
132,3115201,Conceição da Barra de Minas,2.0
132,3119708,Coronel Xavier Chaves,0.0
132,3123007,Dores de Campos,0.0
132,3137403,Lagoa Dourada,0.0
132,3139102,Madre de Deus de Minas,0.0
132,3144508,Nazareno,0.0
132,3150307,Piedade do Rio Grande,0.0
132,3152709,Prados,0.0
132,3154200,Resende Costa,0.0
132,3156106,Ritápolis,2.0
132,3157336,Santa Cruz de Minas,2.0
132,3158706,Santana do Garambéu,0.0
132,3162500,São João del-Rei,2.0
132,3165008,São Tiago,1.0
132,3168804,Tiradentes,0.0
133,3115201,Conceição da Barra de Minas,2.0
133,3119708,Coronel Xavier Chaves,0.0
133,3123007,Dores de Campos,0.0
133,3137403,Lagoa Dourada,0.0
133,3139102,Madre de Deus de Minas,0.0
133,3144508,Nazareno,0.0
133,3150307,Piedade do Rio Grande,0.0
133,3152709,Prados,0.0
133,3154200,Resende Costa,0.0
133,3156106,Ritápolis,2.0
133,3157336,Santa Cruz de Minas,2.0
133,3158706,Santana do Garambéu,0.0
133,3162500,São João del-Rei,2.0
133,3165008,São Tiago,1.0
133,3168804,Tiradentes,0.0
134,3115201,Conceição da Barra de Minas,2.0
134,3119708,Coronel Xavier Chaves,0.0
134,3123007,Dores de Campos,0.0
134,3137403,Lagoa Dourada,0.0
134,3139102,Madre de Deus de Minas,0.0
134,3144508,Nazareno,0.0
134,3150307,Piedade do Rio Grande,0.0
134,3152709,Prados,0.0
134,3154200,Resende Costa,0.0
134,3156106,Ritápolis,2.0
134,3157336,Santa Cruz de Minas,2.0
134,3158706,Santana do Garambéu,0.0
134,3162500,São João del-Rei,2.0
134,3165008,São Tiago,1.0
134,3168804,Tiradentes,0.0
135,3115201,Conceição da Barra de Minas,2.0
135,3119708,Coronel Xavier Chaves,0.0
135,3123007,Dores de Campos,0.0
135,3137403,Lagoa Dourada,0.0
135,3139102,Madre de Deus de Minas,0.0
135,3144508,Nazareno,0.0
135,3150307,Piedade do Rio Grande,0.0
135,3152709,Prados,0.0
135,3154200,Resende Costa,0.0
135,3156106,Ritápolis,2.0
135,3157336,Santa Cruz de Minas,2.0
135,3158706,Santana do Garambéu,0.0
135,3162500,São João del-Rei,2.0
135,3165008,São Tiago,1.0
135,3168804,Tiradentes,0.0
136,3115201,Conceição da Barra de Minas,2.0
136,3119708,Coronel Xavier Chaves,0.0
136,3123007,Dores de Campos,0.0
136,3137403,Lagoa Dourada,0.0
136,3139102,Madre de Deus de Minas,0.0
136,3144508,Nazareno,0.0
136,3150307,Piedade do Rio Grande,0.0
136,3152709,Prados,0.0
136,3154200,Resende Costa,0.0
136,3156106,Ritápolis,2.0
136,3157336,Santa Cruz de Minas,2.0
136,3158706,Santana do Garambéu,0.0
136,3162500,São João del-Rei,2.0
136,3165008,São Tiago,1.0
136,3168804,Tiradentes,0.0
137,3115201,Conceição da Barra de Minas,2.0
137,3119708,Coronel Xavier Chaves,0.0
137,3123007,Dores de Campos,0.0
137,3137403,Lagoa Dourada,0.0
137,3139102,Madre de Deus de Minas,0.0
137,3144508,Nazareno,0.0
137,3150307,Piedade do Rio Grande,0.0
137,3152709,Prados,0.0
137,3154200,Resende Costa,0.0
137,3156106,Ritápolis,2.0
137,3157336,Santa Cruz de Minas,2.0
137,3158706,Santana do Garambéu,0.0
137,3162500,São João del-Rei,2.0
137,3165008,São Tiago,1.0
137,3168804,Tiradentes,0.0
138,3115201,Conceição da Barra de Minas,2.0
138,3119708,Coronel Xavier Chaves,0.0
138,3123007,Dores de Campos,0.0
138,3137403,Lagoa Dourada,0.0
138,3139102,Madre de Deus de Minas,0.0
138,3144508,Nazareno,0.0
138,3150307,Piedade do Rio Grande,0.0
138,3152709,Prados,0.0
138,3154200,Resende Costa,0.0
138,3156106,Ritápolis,2.0
138,3157336,Santa Cruz de Minas,2.0
138,3158706,Santana do Garambéu,0.0
138,3162500,São João del-Rei,2.0
138,3165008,São Tiago,1.0
138,3168804,Tiradentes,0.0
139,3115201,Conceição da Barra de Minas,2.0
139,3119708,Coronel Xavier Chaves,0.0
139,3123007,Dores de Campos,0.0
139,3137403,Lagoa Dourada,0.0
139,3139102,Madre de Deus de Minas,0.0
139,3144508,Nazareno,0.0
139,3150307,Piedade do Rio Grande,0.0
139,3152709,Prados,0.0
139,3154200,Resende Costa,0.0
139,3156106,Ritápolis,2.0
139,3157336,Santa Cruz de Minas,2.0
139,3158706,Santana do Garambéu,0.0
139,3162500,São João del-Rei,2.0
139,3165008,São Tiago,1.0
139,3168804,Tiradentes,0.0
140,3115201,Conceição da Barra de Minas,2.0
140,3119708,Coronel Xavier Chaves,0.0
140,3123007,Dores de Campos,0.0
140,3137403,Lagoa Dourada,0.0
140,3139102,Madre de Deus de Minas,0.0
140,3144508,Nazareno,0.0
140,3150307,Piedade do Rio Grande,0.0
140,3152709,Prados,0.0
140,3154200,Resende Costa,0.0
140,3156106,Ritápolis,2.0
140,3157336,Santa Cruz de Minas,2.0
140,3158706,Santana do Garambéu,0.0
140,3162500,São João del-Rei,2.0
140,3165008,São Tiago,1.0
140,3168804,Tiradentes,0.0
141,3115201,Conceição da Barra de Minas,2.0
141,3119708,Coronel Xavier Chaves,0.0
141,3123007,Dores de Campos,0.0
141,3137403,Lagoa Dourada,0.0
141,3139102,Madre de Deus de Minas,0.0
141,3144508,Nazareno,0.0
141,3150307,Piedade do Rio Grande,0.0
141,3152709,Prados,0.0
141,3154200,Resende Costa,0.0
141,3156106,Ritápolis,2.0
141,3157336,Santa Cruz de Minas,2.0
141,3158706,Santana do Garambéu,0.0
141,3162500,São João del-Rei,2.0
141,3165008,São Tiago,1.0
141,3168804,Tiradentes,0.0
142,3115201,Conceição da Barra de Minas,2.0
142,3119708,Coronel Xavier Chaves,0.0
142,3123007,Dores de Campos,0.0
142,3137403,Lagoa Dourada,0.0
142,3139102,Madre de Deus de Minas,0.0
142,3144508,Nazareno,0.0
142,3150307,Piedade do Rio Grande,0.0
142,3152709,Prados,0.0
142,3154200,Resende Costa,0.0
142,3156106,Ritápolis,2.0
142,3157336,Santa Cruz de Minas,2.0
142,3158706,Santana do Garambéu,0.0
142,3162500,São João del-Rei,2.0
142,3165008,São Tiago,1.0
142,3168804,Tiradentes,0.0
143,3115201,Conceição da Barra de Minas,2.0
143,3119708,Coronel Xavier Chaves,0.0
143,3123007,Dores de Campos,0.0
143,3137403,Lagoa Dourada,0.0
143,3139102,Madre de Deus de Minas,0.0
143,3144508,Nazareno,0.0
143,3150307,Piedade do Rio Grande,0.0
143,3152709,Prados,0.0
143,3154200,Resende Costa,0.0
143,3156106,Ritápolis,2.0
143,3157336,Santa Cruz de Minas,2.0
143,3158706,Santana do Garambéu,0.0
143,3162500,São João del-Rei,2.0
143,3165008,São Tiago,1.0
143,3168804,Tiradentes,0.0
144,3115201,Conceição da Barra de Minas,2.0
144,3119708,Coronel Xavier Chaves,0.0
144,3123007,Dores de Campos,0.0
144,3137403,Lagoa Dourada,0.0
144,3139102,Madre de Deus de Minas,0.0
144,3144508,Nazareno,0.0
144,3150307,Piedade do Rio Grande,0.0
144,3152709,Prados,0.0
144,3154200,Resende Costa,0.0
144,3156106,Ritápolis,2.0
144,3157336,Santa Cruz de Minas,2.0
144,3158706,Santana do Garambéu,0.0
144,3162500,São João del-Rei,2.0
144,3165008,São Tiago,1.0
144,3168804,Tiradentes,0.0
145,3115201,Conceição da Barra de Minas,2.0
145,3119708,Coronel Xavier Chaves,0.0
145,3123007,Dores de Campos,0.0
145,3137403,Lagoa Dourada,0.0
145,3139102,Madre de Deus de Minas,0.0
145,3144508,Nazareno,0.0
145,3150307,Piedade do Rio Grande,0.0
145,3152709,Prados,0.0
145,3154200,Resende Costa,0.0
145,3156106,Ritápolis,2.0
145,3157336,Santa Cruz de Minas,2.0
145,3158706,Santana do Garambéu,0.0
145,3162500,São João del-Rei,2.0
145,3165008,São Tiago,1.0
145,3168804,Tiradentes,0.0
146,3115201,Conceição da Barra de Minas,2.0
146,3119708,Coronel Xavier Chaves,0.0
146,3123007,Dores de Campos,0.0
146,3137403,Lagoa Dourada,0.0
146,3139102,Madre de Deus de Minas,0.0
146,3144508,Nazareno,0.0
146,3150307,Piedade do Rio Grande,0.0
146,3152709,Prados,0.0
146,3154200,Resende Costa,0.0
146,3156106,Ritápolis,2.0
146,3157336,Santa Cruz de Minas,2.0
146,3158706,Santana do Garambéu,0.0
146,3162500,São João del-Rei,2.0
146,3165008,São Tiago,1.0
146,3168804,Tiradentes,0.0
